Params, Params, Params, Params, DAG-1, DAG-1, DAG-1, DAG-5, DAG-5, DAG-5, DAG-7, DAG-7, DAG-7, DAG-17, DAG-17, DAG-17, DAG-19, DAG-19, DAG-19, DAG-23, DAG-23, DAG-23
params_index, intervention_targets, n_samples, rep, X1, X2, X3, X1, X2, X3, X1, X2, X3, X1, X2, X3, X1, X2, X3, X1, X2, X3
0, [None,0], 50, 0, 0.271, 0.485, 0.535, 0.842, 0.109, 1.0, 0.271, 0.089, 0.168, 0.762, 0.155, 0.713, 0.089, 0.155, 0.564, 0.505, 0.624, 1.0
0, [None,0], 50, 1, 0.0, 0.644, 0.743, 0.218, 0.614, 0.02, 0.0, 0.733, 0.257, 0.02, 0.057, 0.584, 0.188, 0.057, 0.851, 0.02, 0.475, 0.02
0, [None,0], 50, 2, 0.026, 0.584, 0.921, 0.604, 0.713, 0.088, 0.026, 0.703, 0.376, 0.238, 0.086, 0.881, 0.04, 0.086, 0.921, 0.277, 0.653, 0.088
0, [None,0], 50, 3, 0.005, 0.792, 0.139, 0.673, 0.584, 0.009, 0.005, 0.515, 0.861, 0.713, 0.003, 0.109, 0.416, 0.003, 0.119, 0.673, 0.901, 0.009
0, [None,0], 50, 4, 0.0, 0.158, 0.663, 0.535, 0.248, 0.0, 0.0, 0.248, 0.188, 0.069, 0.0, 0.792, 0.624, 0.0, 0.653, 0.069, 0.446, 0.0
0, [None,0], 50, 5, 0.0, 0.099, 0.475, 0.267, 0.515, 0.07, 0.0, 0.505, 0.129, 0.02, 0.078, 0.05, 0.03, 0.078, 0.416, 0.03, 0.475, 0.07
0, [None,0], 50, 6, 0.001, 0.812, 0.634, 0.911, 0.881, 0.0, 0.001, 0.97, 0.436, 0.891, 0.029, 0.337, 0.297, 0.029, 0.525, 0.871, 0.921, 0.0
0, [None,0], 50, 7, 0.012, 0.743, 0.455, 0.673, 0.347, 0.032, 0.012, 0.406, 0.772, 0.079, 0.084, 0.465, 0.386, 0.084, 0.545, 0.079, 0.139, 0.032
0, [None,0], 50, 8, 0.0, 0.861, 0.723, 0.317, 0.436, 0.313, 0.0, 0.495, 0.149, 0.396, 0.061, 0.772, 0.238, 0.061, 0.772, 0.307, 0.644, 0.313
0, [None,0], 50, 9, 0.026, 0.436, 0.97, 0.505, 0.663, 0.132, 0.026, 0.525, 0.822, 0.891, 0.091, 0.782, 0.574, 0.091, 0.99, 0.861, 0.267, 0.132
0, [None,0], 50, 10, 0.123, 0.099, 0.089, 0.762, 0.455, 0.073, 0.123, 0.564, 0.574, 0.634, 0.131, 0.05, 0.446, 0.131, 0.069, 0.584, 0.594, 0.073
0, [None,0], 50, 11, 0.001, 0.099, 0.97, 0.495, 0.911, 0.018, 0.001, 0.931, 0.693, 0.158, 0.031, 0.832, 0.238, 0.031, 0.941, 0.139, 0.891, 0.018
0, [None,0], 50, 12, 0.0, 0.96, 0.95, 0.525, 0.792, 0.0, 0.0, 0.842, 0.832, 0.267, 0.002, 0.792, 0.099, 0.002, 0.921, 0.188, 0.861, 0.0
0, [None,0], 50, 13, 0.027, 0.752, 0.05, 0.307, 0.386, 1.0, 0.027, 0.396, 0.95, 0.089, 0.436, 0.465, 0.238, 0.436, 0.05, 0.069, 0.347, 1.0
0, [None,0], 50, 14, 0.814, 0.287, 0.822, 0.812, 0.594, 0.232, 0.814, 0.525, 0.703, 0.554, 0.68, 0.693, 0.238, 0.68, 0.901, 0.614, 0.733, 0.232
0, [None,0], 50, 15, 0.0, 0.307, 0.594, 0.01, 0.376, 0.0, 0.0, 0.455, 0.218, 0.386, 0.0, 0.743, 0.347, 0.0, 0.505, 0.347, 0.03, 0.0
0, [None,0], 50, 16, 0.12, 0.842, 0.683, 0.327, 0.594, 0.292, 0.12, 0.624, 0.426, 0.545, 1.0, 0.881, 0.772, 1.0, 0.703, 0.485, 0.96, 0.292
0, [None,0], 50, 17, 0.0, 0.257, 0.614, 0.465, 0.119, 0.0, 0.0, 0.139, 0.861, 0.059, 0.698, 0.04, 0.02, 0.698, 0.574, 0.04, 0.05, 0.0
0, [None,0], 50, 18, 0.0, 0.634, 0.416, 0.01, 0.149, 0.076, 0.0, 0.139, 0.277, 0.089, 0.0, 0.515, 0.505, 0.0, 0.376, 0.129, 0.01, 0.076
0, [None,0], 50, 19, 0.0, 0.248, 0.386, 0.01, 0.01, 0.002, 0.0, 0.02, 0.356, 0.01, 0.057, 0.069, 0.03, 0.057, 0.485, 0.01, 0.059, 0.002
0, [None,0], 100, 0, 0.219, 0.356, 0.059, 0.881, 0.465, 0.116, 0.219, 0.446, 0.178, 0.554, 0.517, 0.059, 0.861, 0.517, 0.079, 0.465, 0.653, 0.116
0, [None,0], 100, 1, 0.0, 0.347, 0.347, 0.386, 0.099, 0.0, 0.0, 0.05, 0.248, 0.01, 0.001, 0.149, 0.03, 0.001, 0.436, 0.01, 0.416, 0.0
0, [None,0], 100, 2, 0.0, 0.574, 0.327, 0.02, 0.822, 0.27, 0.0, 0.792, 0.455, 0.01, 0.199, 0.812, 0.02, 0.199, 0.337, 0.01, 0.693, 0.27
0, [None,0], 100, 3, 0.0, 0.475, 0.871, 0.624, 0.257, 0.0, 0.0, 0.287, 0.851, 0.772, 0.0, 0.901, 0.832, 0.0, 0.861, 0.743, 0.416, 0.0
0, [None,0], 100, 4, 0.0, 0.693, 0.832, 0.881, 0.485, 0.0, 0.0, 0.644, 0.832, 0.267, 0.0, 0.792, 0.673, 0.0, 0.792, 0.198, 0.95, 0.0
0, [None,0], 100, 5, 0.579, 0.416, 0.03, 0.287, 0.05, 0.25, 0.579, 0.05, 0.069, 0.079, 1.0, 0.119, 0.505, 1.0, 0.05, 0.109, 0.079, 0.25
0, [None,0], 100, 6, 0.0, 0.782, 0.089, 0.752, 0.426, 0.0, 0.0, 0.535, 0.683, 0.465, 0.223, 0.099, 0.079, 0.223, 0.059, 0.574, 0.574, 0.0
0, [None,0], 100, 7, 0.0, 0.564, 0.267, 0.842, 0.178, 0.0, 0.0, 0.149, 0.752, 0.703, 0.457, 0.01, 0.01, 0.457, 0.267, 0.743, 0.248, 0.0
0, [None,0], 100, 8, 0.048, 0.752, 0.277, 0.624, 0.812, 0.118, 0.048, 0.733, 0.584, 0.337, 0.731, 0.277, 0.079, 0.731, 0.307, 0.337, 0.446, 0.118
0, [None,0], 100, 9, 0.401, 0.842, 0.574, 0.396, 0.941, 1.0, 0.401, 0.921, 0.465, 0.743, 0.766, 0.911, 0.614, 0.766, 0.574, 0.683, 0.98, 1.0
0, [None,0], 100, 10, 0.041, 0.04, 0.178, 0.762, 0.851, 0.005, 0.041, 0.891, 0.03, 0.624, 0.006, 0.465, 0.644, 0.006, 0.307, 0.653, 0.931, 0.005
0, [None,0], 100, 11, 0.0, 0.139, 0.604, 0.772, 0.564, 0.0, 0.0, 0.703, 0.426, 0.545, 0.0, 0.198, 0.109, 0.0, 0.564, 0.426, 0.762, 0.0
0, [None,0], 100, 12, 0.0, 0.931, 0.109, 0.04, 0.446, 0.001, 0.0, 0.465, 0.871, 0.01, 0.014, 0.762, 0.059, 0.014, 0.129, 0.04, 0.713, 0.001
0, [None,0], 100, 13, 0.068, 0.564, 0.149, 0.337, 0.347, 0.229, 0.068, 0.347, 0.228, 0.079, 0.31, 0.733, 0.119, 0.31, 0.099, 0.168, 0.297, 0.229
0, [None,0], 100, 14, 0.242, 0.188, 0.089, 0.931, 0.802, 0.052, 0.242, 0.762, 0.158, 0.297, 0.355, 0.059, 0.475, 0.355, 0.079, 0.238, 0.842, 0.052
0, [None,0], 100, 15, 0.0, 0.307, 0.119, 0.208, 0.149, 0.023, 0.0, 0.089, 0.96, 0.129, 0.0, 0.832, 0.188, 0.0, 0.079, 0.178, 0.139, 0.023
0, [None,0], 100, 16, 0.0, 0.881, 0.594, 0.634, 0.228, 0.0, 0.0, 0.257, 0.842, 0.218, 0.0, 0.693, 0.495, 0.0, 0.465, 0.248, 0.495, 0.0
0, [None,0], 100, 17, 0.0, 0.644, 0.802, 0.436, 0.03, 0.0, 0.0, 0.04, 0.97, 0.03, 0.066, 0.05, 0.01, 0.066, 0.792, 0.03, 0.05, 0.0
0, [None,0], 100, 18, 0.0, 0.267, 0.178, 0.188, 0.02, 0.031, 0.0, 0.01, 0.98, 0.02, 0.0, 0.465, 0.327, 0.0, 0.208, 0.02, 0.218, 0.031
0, [None,0], 100, 19, 0.0, 0.634, 0.574, 0.079, 0.465, 0.001, 0.0, 0.495, 0.574, 0.05, 0.001, 0.495, 0.109, 0.001, 0.554, 0.03, 0.238, 0.001
0, [None,0], 200, 0, 0.0, 0.545, 0.257, 0.871, 0.168, 0.0, 0.0, 0.119, 0.842, 0.386, 0.0, 0.693, 0.574, 0.0, 0.218, 0.475, 0.693, 0.0
0, [None,0], 200, 1, 0.0, 0.327, 0.376, 0.891, 0.05, 0.0, 0.0, 0.079, 0.446, 0.149, 0.0, 0.139, 0.02, 0.0, 0.327, 0.208, 0.574, 0.0
0, [None,0], 200, 2, 0.0, 0.733, 0.05, 0.564, 0.069, 0.0, 0.0, 0.069, 0.644, 0.238, 0.0, 0.04, 0.554, 0.0, 0.04, 0.218, 0.109, 0.0
0, [None,0], 200, 3, 0.0, 0.911, 0.356, 0.198, 0.327, 0.001, 0.0, 0.267, 0.248, 0.614, 0.0, 0.693, 0.198, 0.0, 0.446, 0.574, 0.733, 0.001
0, [None,0], 200, 4, 0.0, 0.208, 0.871, 0.861, 0.376, 0.0, 0.0, 0.297, 0.495, 0.198, 0.0, 0.624, 0.287, 0.0, 0.851, 0.129, 0.673, 0.0
0, [None,0], 200, 5, 0.0, 0.416, 0.782, 0.208, 0.277, 0.0, 0.0, 0.238, 0.525, 0.01, 0.0, 0.099, 0.01, 0.0, 0.802, 0.01, 0.069, 0.0
0, [None,0], 200, 6, 0.014, 0.129, 0.01, 0.574, 0.465, 0.001, 0.014, 0.436, 0.554, 0.723, 1.0, 0.04, 0.119, 1.0, 0.01, 0.683, 0.188, 0.001
0, [None,0], 200, 7, 0.0, 0.475, 0.812, 0.832, 0.921, 0.0, 0.0, 0.941, 0.713, 0.713, 0.015, 0.01, 0.01, 0.015, 0.881, 0.703, 0.97, 0.0
0, [None,0], 200, 8, 0.007, 0.089, 0.178, 0.634, 0.04, 0.618, 0.007, 0.02, 0.604, 0.713, 0.11, 0.762, 0.05, 0.11, 0.139, 0.752, 0.436, 0.618
0, [None,0], 200, 9, 0.0, 0.921, 0.208, 0.109, 0.257, 0.0, 0.0, 0.257, 0.673, 0.069, 0.002, 0.01, 0.01, 0.002, 0.149, 0.02, 0.248, 0.0
0, [None,0], 200, 10, 0.0, 0.188, 0.901, 0.782, 0.822, 0.0, 0.0, 0.871, 0.327, 0.832, 0.0, 0.871, 0.356, 0.0, 0.822, 0.832, 0.931, 0.0
0, [None,0], 200, 11, 0.0, 0.941, 0.604, 0.663, 0.376, 0.0, 0.0, 0.386, 0.99, 0.634, 0.0, 0.059, 0.02, 0.0, 0.554, 0.653, 0.584, 0.0
0, [None,0], 200, 12, 0.0, 0.752, 0.267, 0.02, 0.941, 0.001, 0.0, 0.941, 0.911, 0.01, 0.005, 0.455, 0.02, 0.005, 0.426, 0.02, 0.842, 0.001
0, [None,0], 200, 13, 0.0, 0.119, 0.931, 0.208, 0.861, 0.012, 0.0, 0.891, 0.188, 0.04, 0.053, 0.347, 0.337, 0.053, 0.871, 0.03, 0.584, 0.012
0, [None,0], 200, 14, 0.0, 0.604, 0.604, 0.871, 0.158, 0.0, 0.0, 0.129, 0.545, 0.525, 0.0, 0.01, 0.01, 0.0, 0.644, 0.485, 0.317, 0.0
0, [None,0], 200, 15, 0.0, 0.198, 0.287, 0.624, 0.01, 0.0, 0.0, 0.02, 0.653, 0.861, 0.0, 0.158, 0.683, 0.0, 0.257, 0.871, 0.149, 0.0
0, [None,0], 200, 16, 0.0, 0.703, 0.941, 0.693, 0.307, 0.0, 0.0, 0.317, 0.97, 0.485, 0.0, 0.832, 0.594, 0.0, 0.98, 0.495, 0.327, 0.0
0, [None,0], 200, 17, 0.0, 0.188, 0.079, 0.01, 0.129, 0.261, 0.0, 0.277, 0.257, 0.01, 0.266, 0.812, 0.02, 0.266, 0.099, 0.01, 0.455, 0.261
0, [None,0], 200, 18, 0.0, 0.743, 0.673, 0.178, 0.099, 0.007, 0.0, 0.059, 0.188, 0.02, 0.0, 0.802, 0.366, 0.0, 0.673, 0.01, 0.188, 0.007
0, [None,0], 200, 19, 0.0, 0.208, 0.762, 0.149, 0.683, 0.0, 0.0, 0.752, 0.168, 0.099, 0.0, 0.059, 0.05, 0.0, 0.624, 0.069, 0.644, 0.0
1, [None,1], 50, 0, 1.0, 0.01, 0.069, 0.347, 0.01, 0.009, 1.0, 0.01, 0.05, 0.297, 0.0, 0.03, 0.277, 0.0, 0.04, 0.396, 0.01, 0.009
1, [None,1], 50, 1, 0.469, 0.01, 0.772, 0.257, 0.762, 0.0, 0.469, 0.832, 0.01, 0.04, 0.0, 0.851, 0.208, 0.0, 0.693, 0.03, 0.931, 0.0
1, [None,1], 50, 2, 1.0, 0.198, 0.366, 0.772, 0.178, 0.572, 1.0, 0.139, 0.455, 0.396, 0.472, 0.871, 0.277, 0.472, 0.495, 0.277, 0.327, 0.572
1, [None,1], 50, 3, 1.0, 0.04, 0.594, 0.624, 0.01, 1.0, 1.0, 0.02, 0.673, 0.03, 0.207, 0.653, 0.238, 0.207, 0.594, 0.03, 0.099, 1.0
1, [None,1], 50, 4, 0.882, 0.01, 0.455, 0.743, 0.02, 0.0, 0.882, 0.01, 0.01, 0.02, 0.0, 0.634, 0.059, 0.0, 0.574, 0.02, 0.089, 0.0
1, [None,1], 50, 5, 0.234, 0.02, 0.129, 0.693, 0.693, 0.003, 0.234, 0.713, 0.01, 0.535, 0.001, 0.455, 0.525, 0.001, 0.079, 0.604, 0.545, 0.003
1, [None,1], 50, 6, 1.0, 0.129, 0.168, 0.901, 0.01, 1.0, 1.0, 0.01, 0.861, 0.416, 0.034, 0.356, 0.327, 0.034, 0.109, 0.436, 0.01, 1.0
1, [None,1], 50, 7, 0.028, 0.277, 0.535, 0.703, 0.05, 0.069, 0.028, 0.01, 0.842, 0.733, 0.525, 0.02, 0.02, 0.525, 0.475, 0.772, 0.03, 0.069
1, [None,1], 50, 8, 1.0, 0.01, 0.129, 0.02, 0.05, 0.045, 1.0, 0.079, 0.02, 0.01, 0.0, 0.257, 0.257, 0.0, 0.178, 0.01, 0.089, 0.045
1, [None,1], 50, 9, 1.0, 0.386, 0.762, 0.307, 0.614, 0.175, 1.0, 0.505, 0.089, 0.525, 0.057, 0.475, 0.168, 0.057, 0.683, 0.554, 0.485, 0.175
1, [None,1], 50, 10, 0.367, 0.05, 0.921, 0.406, 0.871, 0.015, 0.367, 0.822, 0.287, 0.317, 0.004, 0.881, 0.446, 0.004, 0.941, 0.297, 0.842, 0.015
1, [None,1], 50, 11, 0.181, 0.02, 0.079, 0.792, 0.01, 0.143, 0.181, 0.01, 0.446, 0.05, 0.0, 0.04, 0.139, 0.0, 0.059, 0.03, 0.01, 0.143
1, [None,1], 50, 12, 0.69, 0.01, 0.842, 0.634, 0.446, 0.0, 0.69, 0.554, 0.01, 0.495, 0.0, 0.386, 0.059, 0.0, 0.851, 0.495, 0.455, 0.0
1, [None,1], 50, 13, 1.0, 0.01, 0.158, 0.376, 0.02, 0.132, 1.0, 0.02, 0.05, 0.05, 0.073, 0.366, 0.277, 0.073, 0.188, 0.02, 0.604, 0.132
1, [None,1], 50, 14, 0.708, 0.01, 0.02, 0.01, 0.01, 0.005, 0.708, 0.01, 0.02, 0.01, 0.0, 0.059, 0.01, 0.0, 0.02, 0.01, 0.03, 0.005
1, [None,1], 50, 15, 1.0, 0.01, 0.525, 0.99, 0.01, 0.143, 1.0, 0.01, 0.436, 0.871, 0.0, 0.614, 0.842, 0.0, 0.495, 0.921, 0.03, 0.143
1, [None,1], 50, 16, 1.0, 0.01, 0.436, 0.851, 0.01, 0.001, 1.0, 0.01, 0.059, 0.465, 0.0, 0.683, 0.257, 0.0, 0.495, 0.485, 0.079, 0.001
1, [None,1], 50, 17, 0.17, 0.01, 0.426, 0.554, 0.02, 0.074, 0.17, 0.02, 0.168, 0.762, 0.0, 0.644, 0.257, 0.0, 0.465, 0.634, 0.04, 0.074
1, [None,1], 50, 18, 0.088, 0.01, 0.119, 0.663, 0.01, 0.003, 0.088, 0.01, 0.099, 0.01, 0.0, 0.713, 0.178, 0.0, 0.198, 0.01, 0.069, 0.003
1, [None,1], 50, 19, 1.0, 0.01, 0.515, 0.079, 0.762, 0.0, 1.0, 0.851, 0.01, 0.079, 0.0, 0.653, 0.079, 0.0, 0.574, 0.059, 0.802, 0.0
1, [None,1], 100, 0, 1.0, 0.01, 0.901, 0.574, 0.01, 0.0, 1.0, 0.01, 0.01, 0.02, 0.0, 0.228, 0.109, 0.0, 0.802, 0.059, 0.04, 0.0
1, [None,1], 100, 1, 0.297, 0.01, 0.257, 0.515, 0.525, 0.0, 0.297, 0.594, 0.01, 0.703, 0.0, 0.406, 0.772, 0.0, 0.267, 0.752, 0.564, 0.0
1, [None,1], 100, 2, 1.0, 0.693, 0.594, 0.98, 0.822, 0.318, 1.0, 0.851, 0.802, 0.624, 0.133, 0.119, 0.406, 0.133, 0.584, 0.594, 0.941, 0.318
1, [None,1], 100, 3, 0.039, 0.03, 0.188, 0.574, 0.01, 0.059, 0.039, 0.01, 0.802, 0.01, 0.0, 0.465, 0.158, 0.0, 0.158, 0.01, 0.02, 0.059
1, [None,1], 100, 4, 1.0, 0.01, 0.525, 0.436, 0.03, 0.0, 1.0, 0.03, 0.01, 0.228, 0.0, 0.238, 0.485, 0.0, 0.564, 0.178, 0.366, 0.0
1, [None,1], 100, 5, 0.271, 0.01, 0.802, 0.525, 0.554, 0.153, 0.271, 0.535, 0.149, 0.683, 0.026, 0.772, 0.505, 0.026, 0.782, 0.663, 0.475, 0.153
1, [None,1], 100, 6, 0.301, 0.02, 0.099, 0.931, 0.01, 0.229, 0.301, 0.01, 0.693, 0.554, 0.007, 0.277, 0.198, 0.007, 0.109, 0.465, 0.03, 0.229
1, [None,1], 100, 7, 0.45, 0.04, 0.723, 0.396, 0.03, 0.107, 0.45, 0.03, 0.02, 0.287, 0.0, 0.307, 0.475, 0.0, 0.723, 0.158, 0.05, 0.107
1, [None,1], 100, 8, 1.0, 0.01, 0.713, 0.099, 0.02, 0.0, 1.0, 0.01, 0.01, 0.386, 0.0, 0.366, 0.297, 0.0, 0.772, 0.416, 0.02, 0.0
1, [None,1], 100, 9, 1.0, 0.535, 0.832, 0.158, 0.772, 0.23, 1.0, 0.842, 0.505, 0.396, 0.191, 0.871, 0.307, 0.191, 0.822, 0.366, 0.822, 0.23
1, [None,1], 100, 10, 0.265, 0.436, 0.297, 0.584, 0.287, 0.001, 0.265, 0.297, 0.297, 0.426, 0.001, 0.208, 0.089, 0.001, 0.386, 0.386, 0.386, 0.001
1, [None,1], 100, 11, 0.185, 0.01, 0.554, 0.01, 0.01, 0.446, 0.185, 0.01, 0.901, 0.01, 0.0, 0.168, 0.693, 0.0, 0.525, 0.01, 0.01, 0.446
1, [None,1], 100, 12, 0.332, 0.01, 0.594, 0.317, 0.871, 0.012, 0.332, 0.871, 0.01, 0.257, 0.086, 0.455, 0.109, 0.086, 0.564, 0.317, 0.851, 0.012
1, [None,1], 100, 13, 0.068, 0.079, 0.673, 0.099, 0.257, 0.0, 0.068, 0.277, 0.109, 0.069, 0.0, 0.475, 0.584, 0.0, 0.604, 0.059, 0.604, 0.0
1, [None,1], 100, 14, 1.0, 0.01, 0.02, 0.01, 0.01, 0.0, 1.0, 0.01, 0.02, 0.01, 0.0, 0.178, 0.149, 0.0, 0.02, 0.01, 0.01, 0.0
1, [None,1], 100, 15, 1.0, 0.01, 0.218, 0.525, 0.01, 0.015, 1.0, 0.01, 0.416, 0.119, 0.0, 0.426, 0.356, 0.0, 0.109, 0.139, 0.01, 0.015
1, [None,1], 100, 16, 0.293, 0.01, 0.119, 0.851, 0.01, 0.0, 0.293, 0.01, 0.04, 0.743, 0.0, 0.396, 0.891, 0.0, 0.119, 0.693, 0.01, 0.0
1, [None,1], 100, 17, 0.625, 0.01, 0.574, 0.535, 0.01, 0.36, 0.625, 0.01, 0.089, 0.01, 0.03, 0.752, 0.188, 0.03, 0.604, 0.01, 0.594, 0.36
1, [None,1], 100, 18, 0.161, 0.01, 0.644, 0.287, 0.01, 0.006, 0.161, 0.01, 0.02, 0.01, 0.0, 0.436, 0.198, 0.0, 0.653, 0.01, 0.02, 0.006
1, [None,1], 100, 19, 1.0, 0.01, 0.238, 0.604, 0.069, 0.009, 1.0, 0.02, 0.03, 0.03, 0.0, 0.347, 0.267, 0.0, 0.297, 0.04, 0.01, 0.009
1, [None,1], 200, 0, 1.0, 0.01, 0.495, 0.584, 0.01, 0.0, 1.0, 0.01, 0.01, 0.059, 0.0, 0.05, 0.238, 0.0, 0.455, 0.099, 0.059, 0.0
1, [None,1], 200, 1, 0.723, 0.01, 0.812, 0.653, 0.109, 0.0, 0.723, 0.099, 0.01, 0.426, 0.0, 0.347, 0.515, 0.0, 0.703, 0.376, 0.198, 0.0
1, [None,1], 200, 2, 0.547, 0.01, 0.554, 0.832, 0.366, 0.0, 0.547, 0.307, 0.01, 0.941, 0.0, 0.188, 0.307, 0.0, 0.772, 0.96, 0.406, 0.0
1, [None,1], 200, 3, 0.172, 0.01, 0.218, 0.01, 0.01, 0.0, 0.172, 0.01, 0.01, 0.01, 0.0, 0.099, 0.109, 0.0, 0.178, 0.01, 0.01, 0.0
1, [None,1], 200, 4, 1.0, 0.01, 0.307, 0.158, 0.079, 0.0, 1.0, 0.129, 0.01, 0.139, 0.0, 0.109, 0.752, 0.0, 0.248, 0.079, 0.356, 0.0
1, [None,1], 200, 5, 0.237, 0.01, 0.495, 0.257, 0.01, 0.0, 0.237, 0.01, 0.01, 0.99, 0.0, 0.208, 0.772, 0.0, 0.366, 0.97, 0.02, 0.0
1, [None,1], 200, 6, 0.026, 0.079, 0.416, 0.723, 0.812, 0.093, 0.026, 0.792, 0.267, 0.792, 0.236, 0.05, 0.05, 0.236, 0.376, 0.881, 0.792, 0.093
1, [None,1], 200, 7, 0.844, 0.01, 0.505, 0.02, 0.01, 0.372, 0.844, 0.01, 0.03, 0.713, 0.0, 0.099, 0.109, 0.0, 0.535, 0.762, 0.01, 0.372
1, [None,1], 200, 8, 0.024, 0.01, 0.099, 0.782, 0.03, 0.0, 0.024, 0.02, 0.01, 0.208, 0.0, 0.426, 0.119, 0.0, 0.109, 0.228, 0.356, 0.0
1, [None,1], 200, 9, 1.0, 0.01, 0.723, 0.03, 0.01, 0.001, 1.0, 0.01, 0.01, 0.04, 0.0, 0.287, 0.436, 0.0, 0.752, 0.059, 0.059, 0.001
1, [None,1], 200, 10, 0.332, 0.01, 0.465, 0.723, 0.01, 0.001, 0.332, 0.01, 0.109, 0.099, 0.0, 0.287, 0.01, 0.0, 0.495, 0.158, 0.703, 0.001
1, [None,1], 200, 11, 0.115, 0.01, 0.485, 0.376, 0.01, 0.684, 0.115, 0.01, 0.653, 0.01, 0.0, 0.099, 0.149, 0.0, 0.535, 0.01, 0.01, 0.684
1, [None,1], 200, 12, 0.319, 0.01, 0.218, 0.475, 0.248, 0.0, 0.319, 0.248, 0.01, 0.208, 0.0, 0.089, 0.277, 0.0, 0.257, 0.356, 0.485, 0.0
1, [None,1], 200, 13, 0.777, 0.01, 0.317, 0.356, 0.01, 0.0, 0.777, 0.01, 0.01, 0.04, 0.0, 0.238, 0.426, 0.0, 0.198, 0.04, 0.248, 0.0
1, [None,1], 200, 14, 0.252, 0.01, 0.02, 0.01, 0.01, 0.011, 0.252, 0.01, 0.356, 0.02, 0.0, 0.198, 0.782, 0.0, 0.01, 0.01, 0.168, 0.011
1, [None,1], 200, 15, 0.755, 0.01, 0.406, 0.218, 0.01, 0.0, 0.755, 0.01, 0.01, 0.01, 0.0, 0.683, 0.772, 0.0, 0.327, 0.01, 0.01, 0.0
1, [None,1], 200, 16, 0.0, 0.01, 0.673, 0.327, 0.337, 0.0, 0.0, 0.287, 0.01, 0.366, 0.0, 0.604, 0.743, 0.0, 0.634, 0.337, 0.297, 0.0
1, [None,1], 200, 17, 0.26, 0.01, 0.752, 0.99, 0.079, 0.276, 0.26, 0.099, 0.703, 0.01, 0.0, 0.782, 0.248, 0.0, 0.792, 0.01, 0.465, 0.276
1, [None,1], 200, 18, 1.0, 0.01, 0.505, 0.02, 0.01, 0.0, 1.0, 0.01, 0.01, 0.03, 0.0, 0.851, 0.941, 0.0, 0.545, 0.059, 0.01, 0.0
1, [None,1], 200, 19, 0.548, 0.01, 0.515, 0.99, 0.644, 0.0, 0.548, 0.614, 0.01, 0.97, 0.0, 0.693, 0.525, 0.0, 0.495, 1.0, 0.762, 0.0
2, [None,2], 50, 0, 0.507, 0.95, 0.01, 0.446, 0.139, 0.0, 0.507, 0.089, 0.01, 0.416, 0.417, 0.01, 0.584, 0.417, 0.01, 0.347, 0.069, 0.0
2, [None,2], 50, 1, 0.173, 0.218, 0.01, 0.634, 0.01, 0.0, 0.173, 0.01, 0.03, 0.01, 0.161, 0.01, 0.604, 0.161, 0.01, 0.01, 0.01, 0.0
2, [None,2], 50, 2, 0.285, 0.723, 0.01, 0.851, 0.04, 0.0, 0.285, 0.059, 0.05, 0.149, 1.0, 0.01, 0.198, 1.0, 0.01, 0.228, 0.05, 0.0
2, [None,2], 50, 3, 0.871, 0.99, 0.01, 0.238, 0.04, 0.0, 0.871, 0.03, 0.04, 0.02, 0.791, 0.01, 0.673, 0.791, 0.01, 0.01, 0.04, 0.0
2, [None,2], 50, 4, 0.136, 0.545, 0.01, 0.089, 0.069, 0.0, 0.136, 0.02, 0.02, 0.426, 0.237, 0.03, 0.693, 0.237, 0.01, 0.515, 0.079, 0.0
2, [None,2], 50, 5, 0.533, 0.535, 0.01, 0.158, 0.05, 0.0, 0.533, 0.089, 0.01, 0.01, 0.267, 0.02, 0.98, 0.267, 0.01, 0.01, 0.693, 0.0
2, [None,2], 50, 6, 0.886, 0.663, 0.01, 0.525, 0.02, 0.386, 0.886, 0.01, 0.297, 0.297, 0.415, 0.01, 0.614, 0.415, 0.01, 0.347, 0.02, 0.386
2, [None,2], 50, 7, 0.201, 0.416, 0.01, 0.01, 0.01, 0.03, 0.201, 0.01, 0.02, 0.01, 0.251, 0.05, 0.208, 0.251, 0.01, 0.01, 0.228, 0.03
2, [None,2], 50, 8, 0.156, 0.693, 0.01, 0.178, 0.01, 0.015, 0.156, 0.01, 0.01, 0.02, 0.01, 0.01, 0.713, 0.01, 0.01, 0.02, 0.01, 0.015
2, [None,2], 50, 9, 1.0, 0.515, 0.01, 0.188, 0.01, 0.75, 1.0, 0.01, 0.238, 0.109, 1.0, 0.01, 0.139, 1.0, 0.01, 0.168, 0.01, 0.75
2, [None,2], 50, 10, 0.427, 0.564, 0.059, 0.129, 0.069, 0.001, 0.427, 0.109, 0.02, 0.317, 0.817, 0.079, 0.842, 0.817, 0.04, 0.317, 0.267, 0.001
2, [None,2], 50, 11, 1.0, 0.475, 0.01, 0.129, 0.505, 0.045, 1.0, 0.653, 0.04, 0.069, 1.0, 0.168, 0.98, 1.0, 0.01, 0.04, 0.594, 0.045
2, [None,2], 50, 12, 0.196, 0.079, 0.04, 0.149, 0.228, 0.063, 0.196, 0.198, 0.158, 0.168, 0.203, 0.168, 0.297, 0.203, 0.01, 0.178, 0.208, 0.063
2, [None,2], 50, 13, 0.564, 0.752, 0.03, 0.911, 0.05, 0.149, 0.564, 0.069, 0.485, 0.297, 0.328, 0.149, 0.238, 0.328, 0.02, 0.267, 0.317, 0.149
2, [None,2], 50, 14, 1.0, 0.941, 0.01, 0.059, 0.01, 0.014, 1.0, 0.02, 0.01, 0.01, 0.786, 0.02, 1.0, 0.786, 0.01, 0.01, 0.129, 0.014
2, [None,2], 50, 15, 0.099, 0.743, 0.01, 0.03, 0.297, 0.0, 0.099, 0.228, 0.01, 0.119, 0.533, 0.01, 0.238, 0.533, 0.01, 0.188, 0.406, 0.0
2, [None,2], 50, 16, 1.0, 0.693, 0.01, 0.931, 0.03, 0.0, 1.0, 0.079, 0.01, 0.238, 0.138, 0.01, 0.96, 0.138, 0.01, 0.208, 0.188, 0.0
2, [None,2], 50, 17, 0.364, 0.842, 0.495, 0.653, 0.96, 0.251, 0.364, 0.941, 0.545, 0.95, 0.908, 0.317, 0.871, 0.908, 0.535, 0.921, 0.663, 0.251
2, [None,2], 50, 18, 1.0, 0.574, 0.01, 0.079, 0.03, 0.0, 1.0, 0.01, 0.01, 0.119, 1.0, 0.01, 0.485, 1.0, 0.01, 0.079, 0.05, 0.0
2, [None,2], 50, 19, 0.69, 0.911, 0.01, 0.149, 0.03, 0.0, 0.69, 0.04, 0.01, 0.851, 0.203, 0.01, 0.941, 0.203, 0.01, 0.842, 0.079, 0.0
2, [None,2], 100, 0, 0.313, 0.97, 0.01, 0.03, 0.109, 0.028, 0.313, 0.178, 0.01, 0.01, 0.324, 0.149, 0.485, 0.324, 0.01, 0.01, 0.297, 0.028
2, [None,2], 100, 1, 0.006, 0.545, 0.01, 0.059, 0.01, 0.0, 0.006, 0.01, 0.01, 0.416, 0.488, 0.01, 0.168, 0.488, 0.01, 0.366, 0.01, 0.0
2, [None,2], 100, 2, 0.183, 0.525, 0.01, 0.554, 0.01, 0.0, 0.183, 0.02, 0.01, 0.248, 0.558, 0.01, 0.762, 0.558, 0.01, 0.248, 0.059, 0.0
2, [None,2], 100, 3, 0.241, 0.525, 0.02, 0.01, 0.01, 0.0, 0.241, 0.02, 0.01, 0.01, 0.156, 0.059, 0.426, 0.156, 0.01, 0.01, 0.03, 0.0
2, [None,2], 100, 4, 1.0, 0.614, 0.01, 0.277, 0.812, 0.0, 1.0, 0.762, 0.01, 0.98, 1.0, 0.01, 0.644, 1.0, 0.01, 0.941, 0.842, 0.0
2, [None,2], 100, 5, 0.836, 0.96, 0.01, 0.149, 0.416, 0.0, 0.836, 0.535, 0.01, 0.01, 0.781, 0.01, 0.762, 0.781, 0.01, 0.01, 0.772, 0.0
2, [None,2], 100, 6, 0.662, 1.0, 0.01, 0.059, 0.01, 0.0, 0.662, 0.01, 0.01, 0.01, 1.0, 0.089, 0.426, 1.0, 0.01, 0.01, 0.653, 0.0
2, [None,2], 100, 7, 0.225, 0.624, 0.01, 0.01, 0.04, 0.004, 0.225, 0.02, 0.069, 0.01, 0.178, 0.01, 0.97, 0.178, 0.01, 0.01, 0.396, 0.004
2, [None,2], 100, 8, 0.522, 0.822, 0.109, 0.149, 0.743, 0.299, 0.522, 0.782, 0.05, 0.703, 1.0, 0.02, 0.05, 1.0, 0.149, 0.604, 0.574, 0.299
2, [None,2], 100, 9, 0.262, 0.901, 0.01, 0.079, 0.01, 0.554, 0.262, 0.01, 0.04, 0.02, 1.0, 0.02, 0.366, 1.0, 0.01, 0.01, 0.04, 0.554
2, [None,2], 100, 10, 1.0, 0.911, 0.04, 0.079, 0.02, 0.004, 1.0, 0.01, 0.02, 0.119, 0.377, 0.198, 0.871, 0.377, 0.079, 0.109, 0.178, 0.004
2, [None,2], 100, 11, 0.651, 0.139, 0.01, 0.307, 0.02, 0.001, 0.651, 0.01, 0.01, 0.01, 1.0, 0.01, 0.208, 1.0, 0.01, 0.01, 0.277, 0.001
2, [None,2], 100, 12, 0.149, 0.564, 0.01, 0.663, 0.01, 0.0, 0.149, 0.01, 0.01, 0.02, 1.0, 0.01, 0.386, 1.0, 0.01, 0.01, 0.02, 0.0
2, [None,2], 100, 13, 1.0, 0.455, 0.01, 0.178, 0.01, 0.007, 1.0, 0.01, 0.04, 0.079, 0.175, 0.02, 0.505, 0.175, 0.01, 0.109, 0.02, 0.007
2, [None,2], 100, 14, 0.015, 0.624, 0.01, 0.02, 0.03, 0.0, 0.015, 0.109, 0.01, 0.03, 0.398, 0.01, 0.119, 0.398, 0.01, 0.02, 0.069, 0.0
2, [None,2], 100, 15, 0.218, 0.495, 0.01, 0.406, 0.168, 0.0, 0.218, 0.218, 0.01, 0.347, 0.861, 0.01, 0.238, 0.861, 0.01, 0.356, 0.228, 0.0
2, [None,2], 100, 16, 0.168, 0.97, 0.01, 0.158, 0.832, 0.0, 0.168, 0.881, 0.01, 0.238, 1.0, 0.01, 0.683, 1.0, 0.01, 0.178, 0.861, 0.0
2, [None,2], 100, 17, 0.096, 0.911, 0.01, 0.307, 0.01, 0.0, 0.096, 0.01, 0.01, 0.109, 0.279, 0.01, 0.317, 0.279, 0.01, 0.149, 0.05, 0.0
2, [None,2], 100, 18, 0.456, 0.812, 0.01, 0.01, 0.01, 0.0, 0.456, 0.01, 0.01, 0.05, 0.915, 0.01, 0.881, 0.915, 0.01, 0.059, 0.01, 0.0
2, [None,2], 100, 19, 0.478, 0.733, 0.01, 0.03, 0.01, 0.0, 0.478, 0.01, 0.02, 0.03, 1.0, 0.01, 0.802, 1.0, 0.01, 0.02, 0.02, 0.0
2, [None,2], 200, 0, 0.365, 0.891, 0.01, 0.901, 0.03, 0.0, 0.365, 0.04, 0.01, 0.97, 1.0, 0.01, 0.881, 1.0, 0.01, 1.0, 0.119, 0.0
2, [None,2], 200, 1, 0.443, 0.752, 0.01, 0.277, 0.01, 0.007, 0.443, 0.01, 0.05, 0.02, 1.0, 0.01, 0.238, 1.0, 0.01, 0.02, 0.01, 0.007
2, [None,2], 200, 2, 0.45, 0.733, 0.01, 0.376, 0.119, 0.0, 0.45, 0.149, 0.01, 0.238, 0.249, 0.01, 0.683, 0.249, 0.01, 0.149, 0.574, 0.0
2, [None,2], 200, 3, 0.545, 0.653, 0.01, 0.01, 0.317, 0.0, 0.545, 0.356, 0.01, 0.01, 0.655, 0.01, 0.98, 0.655, 0.01, 0.01, 0.01, 0.0
2, [None,2], 200, 4, 0.548, 0.871, 0.01, 0.733, 0.851, 0.0, 0.548, 0.772, 0.01, 0.248, 0.127, 0.01, 0.752, 0.127, 0.01, 0.337, 0.752, 0.0
2, [None,2], 200, 5, 1.0, 0.188, 0.01, 0.208, 0.04, 0.0, 1.0, 0.01, 0.01, 0.01, 0.096, 0.01, 0.574, 0.096, 0.01, 0.01, 0.257, 0.0
2, [None,2], 200, 6, 0.089, 0.762, 0.01, 0.069, 0.01, 0.003, 0.089, 0.01, 0.04, 0.01, 0.462, 0.089, 0.554, 0.462, 0.01, 0.01, 0.554, 0.003
2, [None,2], 200, 7, 0.612, 0.683, 0.01, 0.01, 0.01, 0.0, 0.612, 0.01, 0.01, 0.01, 1.0, 0.01, 0.594, 1.0, 0.01, 0.01, 0.03, 0.0
2, [None,2], 200, 8, 0.306, 0.337, 0.01, 0.663, 0.267, 0.0, 0.306, 0.337, 0.02, 0.158, 1.0, 0.01, 0.594, 1.0, 0.01, 0.287, 0.257, 0.0
2, [None,2], 200, 9, 1.0, 0.198, 0.01, 0.01, 0.01, 0.0, 1.0, 0.01, 0.01, 0.01, 1.0, 0.01, 0.307, 1.0, 0.01, 0.02, 0.01, 0.0
2, [None,2], 200, 10, 0.231, 0.594, 0.04, 0.228, 0.01, 0.072, 0.231, 0.02, 0.465, 0.069, 0.424, 0.158, 0.901, 0.424, 0.079, 0.079, 0.069, 0.072
2, [None,2], 200, 11, 0.123, 0.584, 0.069, 0.149, 0.406, 0.078, 0.123, 0.545, 0.129, 0.059, 0.269, 0.673, 0.446, 0.269, 0.158, 0.01, 0.386, 0.078
2, [None,2], 200, 12, 1.0, 0.307, 0.01, 0.396, 0.01, 0.0, 1.0, 0.01, 0.01, 0.01, 0.348, 0.01, 0.386, 0.348, 0.01, 0.01, 0.03, 0.0
2, [None,2], 200, 13, 1.0, 0.455, 0.01, 0.683, 0.297, 0.001, 1.0, 0.366, 0.03, 0.337, 0.202, 0.01, 0.446, 0.202, 0.01, 0.238, 0.624, 0.001
2, [None,2], 200, 14, 1.0, 0.891, 0.01, 0.277, 0.01, 0.001, 1.0, 0.01, 0.01, 0.01, 0.571, 0.01, 0.762, 0.571, 0.01, 0.02, 0.168, 0.001
2, [None,2], 200, 15, 0.223, 0.436, 0.01, 0.891, 0.277, 0.0, 0.223, 0.307, 0.01, 0.723, 0.372, 0.01, 0.733, 0.372, 0.01, 0.653, 0.317, 0.0
2, [None,2], 200, 16, 1.0, 0.515, 0.01, 0.079, 0.713, 0.0, 1.0, 0.802, 0.01, 0.01, 0.126, 0.01, 0.426, 0.126, 0.01, 0.01, 0.307, 0.0
2, [None,2], 200, 17, 1.0, 0.743, 0.01, 0.861, 0.376, 0.0, 1.0, 0.446, 0.01, 0.069, 0.472, 0.01, 0.861, 0.472, 0.01, 0.03, 0.248, 0.0
2, [None,2], 200, 18, 0.79, 0.228, 0.01, 0.139, 0.01, 0.0, 0.79, 0.03, 0.01, 0.218, 1.0, 0.01, 0.257, 1.0, 0.01, 0.267, 0.089, 0.0
2, [None,2], 200, 19, 0.666, 0.564, 0.01, 0.198, 0.01, 0.0, 0.666, 0.02, 0.01, 0.02, 0.298, 0.01, 0.495, 0.298, 0.01, 0.02, 0.168, 0.0
3, [None,(0,1)], 50, 0, 0.0, 0.545, 0.535, 0.149, 0.01, 0.003, 0.0, 0.01, 0.475, 0.545, 0.0, 0.634, 0.713, 0.0, 0.545, 0.545, 0.158, 0.003
3, [None,(0,1)], 50, 1, 0.0, 0.406, 0.05, 0.228, 0.604, 0.0, 0.0, 0.752, 0.673, 0.059, 0.0, 0.465, 0.05, 0.0, 0.069, 0.059, 0.802, 0.0
3, [None,(0,1)], 50, 2, 0.125, 0.238, 0.485, 0.554, 0.327, 0.002, 0.125, 0.446, 0.446, 0.515, 0.0, 0.97, 0.842, 0.0, 0.446, 0.406, 0.644, 0.002
3, [None,(0,1)], 50, 3, 0.0, 0.01, 0.149, 0.297, 0.01, 0.0, 0.0, 0.01, 0.495, 0.02, 0.235, 0.03, 0.02, 0.235, 0.168, 0.01, 0.04, 0.0
3, [None,(0,1)], 50, 4, 0.004, 0.129, 0.663, 0.703, 0.109, 0.0, 0.004, 0.099, 0.277, 0.02, 0.0, 0.584, 0.02, 0.0, 0.614, 0.02, 0.01, 0.0
3, [None,(0,1)], 50, 5, 0.0, 0.634, 0.495, 0.089, 0.396, 0.0, 0.0, 0.386, 0.455, 0.248, 0.0, 0.089, 0.109, 0.0, 0.515, 0.228, 0.178, 0.0
3, [None,(0,1)], 50, 6, 0.0, 0.119, 0.248, 0.505, 0.069, 0.0, 0.0, 0.069, 0.149, 0.98, 0.088, 0.139, 0.069, 0.088, 0.248, 0.931, 0.188, 0.0
3, [None,(0,1)], 50, 7, 0.022, 0.327, 0.574, 0.901, 0.01, 0.027, 0.022, 0.01, 0.485, 0.792, 0.001, 0.505, 0.495, 0.001, 0.644, 0.822, 0.139, 0.027
3, [None,(0,1)], 50, 8, 0.0, 0.842, 0.98, 0.198, 0.059, 0.0, 0.0, 0.04, 0.683, 0.04, 0.0, 0.287, 0.723, 0.0, 0.941, 0.02, 0.119, 0.0
3, [None,(0,1)], 50, 9, 0.387, 1.0, 0.832, 0.832, 0.772, 0.379, 0.387, 0.683, 0.98, 0.99, 1.0, 0.663, 0.871, 1.0, 0.832, 0.97, 0.743, 0.379
3, [None,(0,1)], 50, 10, 0.407, 0.158, 0.515, 0.832, 0.911, 0.283, 0.407, 0.871, 0.079, 0.802, 0.186, 0.802, 0.713, 0.186, 0.614, 0.842, 0.941, 0.283
3, [None,(0,1)], 50, 11, 0.0, 0.168, 0.564, 0.02, 0.01, 0.013, 0.0, 0.01, 0.782, 0.01, 0.0, 0.228, 0.297, 0.0, 0.525, 0.01, 0.109, 0.013
3, [None,(0,1)], 50, 12, 0.0, 0.881, 0.871, 0.03, 0.723, 0.001, 0.0, 0.644, 0.97, 0.01, 0.006, 0.802, 0.149, 0.006, 0.941, 0.01, 0.832, 0.001
3, [None,(0,1)], 50, 13, 1.0, 0.01, 0.97, 0.693, 0.02, 0.111, 1.0, 0.02, 0.02, 0.356, 0.006, 0.416, 0.168, 0.006, 0.99, 0.376, 0.04, 0.111
3, [None,(0,1)], 50, 14, 0.003, 0.376, 0.802, 0.218, 0.059, 0.007, 0.003, 0.109, 0.406, 0.069, 0.003, 0.416, 0.465, 0.003, 0.693, 0.089, 0.119, 0.007
3, [None,(0,1)], 50, 15, 0.0, 0.376, 0.436, 0.119, 0.535, 0.0, 0.0, 0.545, 0.376, 0.069, 0.0, 0.921, 0.921, 0.0, 0.426, 0.119, 0.446, 0.0
3, [None,(0,1)], 50, 16, 0.0, 0.248, 0.059, 0.485, 0.554, 0.0, 0.0, 0.426, 0.554, 0.287, 0.0, 0.564, 0.446, 0.0, 0.059, 0.228, 0.564, 0.0
3, [None,(0,1)], 50, 17, 0.955, 0.604, 0.396, 0.891, 0.228, 1.0, 0.955, 0.198, 0.515, 0.356, 0.288, 0.069, 0.277, 0.288, 0.396, 0.337, 0.149, 1.0
3, [None,(0,1)], 50, 18, 0.0, 0.545, 0.644, 0.426, 0.02, 0.001, 0.0, 0.04, 0.495, 0.01, 1.0, 0.02, 0.01, 1.0, 0.644, 0.01, 0.96, 0.001
3, [None,(0,1)], 50, 19, 0.0, 0.376, 0.386, 0.149, 0.337, 0.0, 0.0, 0.366, 0.297, 0.119, 0.0, 0.624, 0.05, 0.0, 0.386, 0.109, 0.762, 0.0
3, [None,(0,1)], 100, 0, 0.151, 0.01, 0.594, 0.584, 0.05, 0.0, 0.151, 0.04, 0.01, 0.574, 0.0, 0.842, 0.188, 0.0, 0.624, 0.574, 0.158, 0.0
3, [None,(0,1)], 100, 1, 0.132, 0.01, 0.624, 0.079, 0.01, 0.0, 0.132, 0.01, 0.01, 0.04, 0.0, 0.307, 0.366, 0.0, 0.485, 0.079, 0.099, 0.0
3, [None,(0,1)], 100, 2, 0.0, 0.693, 0.079, 0.792, 0.069, 0.0, 0.0, 0.099, 0.693, 0.198, 0.0, 0.673, 0.931, 0.0, 0.059, 0.248, 0.683, 0.0
3, [None,(0,1)], 100, 3, 0.003, 0.673, 0.693, 0.327, 0.069, 0.0, 0.003, 0.03, 0.129, 0.01, 0.001, 0.01, 0.01, 0.001, 0.733, 0.01, 0.436, 0.0
3, [None,(0,1)], 100, 4, 0.001, 0.01, 0.802, 0.317, 0.099, 0.0, 0.001, 0.158, 0.02, 0.04, 0.0, 0.574, 0.762, 0.0, 0.822, 0.03, 0.436, 0.0
3, [None,(0,1)], 100, 5, 0.0, 0.911, 0.743, 0.01, 0.079, 0.009, 0.0, 0.059, 0.277, 0.287, 0.0, 0.366, 0.723, 0.0, 0.792, 0.257, 0.079, 0.009
3, [None,(0,1)], 100, 6, 0.0, 0.485, 0.277, 0.03, 0.376, 0.0, 0.0, 0.327, 0.584, 0.366, 0.0, 0.416, 0.188, 0.0, 0.416, 0.297, 0.327, 0.0
3, [None,(0,1)], 100, 7, 0.133, 0.673, 0.871, 0.931, 0.871, 0.208, 0.133, 0.861, 0.921, 0.733, 0.512, 0.594, 0.693, 0.512, 0.881, 0.822, 0.703, 0.208
3, [None,(0,1)], 100, 8, 0.0, 0.02, 0.772, 0.653, 0.02, 0.0, 0.0, 0.01, 0.04, 0.149, 0.0, 0.188, 0.297, 0.0, 0.812, 0.178, 0.079, 0.0
3, [None,(0,1)], 100, 9, 0.0, 0.98, 0.089, 0.03, 0.01, 0.0, 0.0, 0.01, 0.97, 0.01, 0.0, 0.158, 0.198, 0.0, 0.099, 0.01, 0.02, 0.0
3, [None,(0,1)], 100, 10, 0.0, 0.04, 0.139, 0.01, 0.01, 0.016, 0.0, 0.01, 0.03, 0.01, 0.005, 0.673, 0.01, 0.005, 0.089, 0.01, 0.505, 0.016
3, [None,(0,1)], 100, 11, 0.0, 0.624, 0.901, 0.822, 0.119, 0.0, 0.0, 0.079, 0.693, 0.079, 0.0, 0.614, 0.723, 0.0, 0.812, 0.069, 0.495, 0.0
3, [None,(0,1)], 100, 12, 0.0, 0.871, 0.257, 0.584, 0.584, 0.0, 0.0, 0.455, 0.772, 0.337, 0.0, 0.178, 0.287, 0.0, 0.228, 0.327, 0.594, 0.0
3, [None,(0,1)], 100, 13, 0.003, 0.01, 0.347, 0.059, 0.198, 0.012, 0.003, 0.218, 0.01, 0.03, 0.001, 0.317, 0.01, 0.001, 0.257, 0.03, 0.416, 0.012
3, [None,(0,1)], 100, 14, 0.066, 0.01, 0.01, 0.01, 0.01, 0.0, 0.066, 0.01, 0.188, 0.327, 0.0, 0.554, 0.802, 0.0, 0.01, 0.257, 0.277, 0.0
3, [None,(0,1)], 100, 15, 0.0, 0.584, 0.455, 0.416, 0.059, 0.0, 0.0, 0.04, 0.495, 0.04, 0.0, 0.842, 0.812, 0.0, 0.495, 0.04, 0.178, 0.0
3, [None,(0,1)], 100, 16, 0.086, 0.01, 0.891, 0.376, 0.178, 0.0, 0.086, 0.198, 0.03, 0.762, 0.0, 0.812, 0.673, 0.0, 0.871, 0.772, 0.218, 0.0
3, [None,(0,1)], 100, 17, 0.0, 0.99, 0.416, 0.05, 0.604, 0.0, 0.0, 0.653, 0.525, 0.01, 0.0, 0.228, 0.109, 0.0, 0.356, 0.01, 0.693, 0.0
3, [None,(0,1)], 100, 18, 0.0, 0.99, 0.644, 0.05, 0.782, 0.0, 0.0, 0.604, 0.307, 0.366, 0.0, 0.198, 0.762, 0.0, 0.505, 0.446, 0.475, 0.0
3, [None,(0,1)], 100, 19, 0.0, 0.386, 0.069, 0.743, 0.97, 0.0, 0.0, 0.97, 0.733, 0.713, 0.0, 0.01, 0.832, 0.0, 0.089, 0.762, 0.881, 0.0
3, [None,(0,1)], 200, 0, 0.0, 0.99, 0.396, 0.871, 0.416, 0.0, 0.0, 0.347, 0.545, 0.277, 0.0, 0.98, 0.822, 0.0, 0.465, 0.257, 0.911, 0.0
3, [None,(0,1)], 200, 1, 0.0, 0.634, 0.881, 0.04, 0.01, 0.0, 0.0, 0.01, 0.97, 0.01, 0.0, 0.03, 0.129, 0.0, 0.891, 0.02, 0.366, 0.0
3, [None,(0,1)], 200, 2, 0.0, 0.842, 0.881, 0.059, 0.307, 0.0, 0.0, 0.238, 0.931, 0.01, 0.0, 0.317, 0.228, 0.0, 0.96, 0.01, 0.574, 0.0
3, [None,(0,1)], 200, 3, 0.216, 0.99, 0.04, 0.059, 0.069, 0.249, 0.216, 0.04, 0.188, 0.01, 0.001, 0.139, 0.188, 0.001, 0.03, 0.01, 0.01, 0.249
3, [None,(0,1)], 200, 4, 0.0, 0.891, 0.426, 0.99, 0.901, 0.0, 0.0, 0.822, 0.782, 0.96, 0.0, 0.921, 0.347, 0.0, 0.356, 0.921, 0.99, 0.0
3, [None,(0,1)], 200, 5, 0.0, 0.723, 0.584, 0.089, 0.158, 0.0, 0.0, 0.208, 0.95, 0.01, 0.0, 0.228, 0.02, 0.0, 0.624, 0.01, 0.149, 0.0
3, [None,(0,1)], 200, 6, 0.004, 0.366, 0.02, 0.01, 0.03, 0.0, 0.004, 0.02, 0.792, 0.03, 0.0, 0.099, 0.248, 0.0, 0.03, 0.02, 0.099, 0.0
3, [None,(0,1)], 200, 7, 0.0, 0.129, 0.743, 0.584, 0.129, 0.0, 0.0, 0.149, 0.069, 0.95, 0.0, 0.446, 0.535, 0.0, 0.743, 0.97, 0.297, 0.0
3, [None,(0,1)], 200, 8, 0.0, 0.554, 0.089, 0.792, 0.01, 0.0, 0.0, 0.01, 0.97, 0.594, 0.0, 1.0, 0.386, 0.0, 0.059, 0.683, 0.079, 0.0
3, [None,(0,1)], 200, 9, 0.0, 0.99, 0.396, 0.01, 0.198, 0.0, 0.0, 0.198, 0.97, 0.069, 0.0, 0.178, 0.129, 0.0, 0.416, 0.05, 0.693, 0.0
3, [None,(0,1)], 200, 10, 0.0, 0.01, 0.564, 0.01, 0.01, 0.0, 0.0, 0.01, 0.297, 0.01, 0.0, 0.446, 0.01, 0.0, 0.525, 0.01, 0.089, 0.0
3, [None,(0,1)], 200, 11, 0.082, 0.01, 0.099, 0.158, 0.01, 0.01, 0.082, 0.01, 0.218, 0.01, 0.001, 0.01, 0.02, 0.001, 0.168, 0.01, 0.119, 0.01
3, [None,(0,1)], 200, 12, 0.0, 0.98, 0.663, 0.584, 0.446, 0.0, 0.0, 0.356, 1.0, 0.297, 0.0, 0.545, 0.95, 0.0, 0.644, 0.287, 0.792, 0.0
3, [None,(0,1)], 200, 13, 0.0, 0.218, 0.465, 0.089, 0.416, 0.0, 0.0, 0.317, 0.307, 0.059, 0.0, 0.099, 0.079, 0.0, 0.366, 0.05, 0.327, 0.0
3, [None,(0,1)], 200, 14, 0.0, 0.149, 0.446, 0.673, 0.099, 0.0, 0.0, 0.079, 0.832, 0.02, 0.0, 0.129, 0.069, 0.0, 0.485, 0.01, 0.267, 0.0
3, [None,(0,1)], 200, 15, 0.0, 0.97, 1.0, 0.05, 0.158, 0.0, 0.0, 0.228, 0.277, 0.97, 0.0, 0.871, 1.0, 0.0, 0.99, 0.97, 0.089, 0.0
3, [None,(0,1)], 200, 16, 0.0, 0.218, 0.97, 0.822, 0.505, 0.0, 0.0, 0.594, 0.535, 1.0, 0.0, 0.99, 0.95, 0.0, 0.96, 1.0, 0.931, 0.0
3, [None,(0,1)], 200, 17, 0.0, 0.574, 0.733, 0.287, 0.03, 0.0, 0.0, 0.05, 0.347, 0.02, 0.0, 0.396, 0.277, 0.0, 0.762, 0.02, 0.564, 0.0
3, [None,(0,1)], 200, 18, 0.0, 0.98, 0.812, 0.01, 0.01, 0.022, 0.0, 0.01, 0.891, 0.01, 0.038, 0.386, 0.01, 0.038, 0.762, 0.01, 0.168, 0.022
3, [None,(0,1)], 200, 19, 0.0, 0.465, 0.455, 0.188, 0.277, 0.0, 0.0, 0.257, 0.485, 0.436, 0.0, 0.267, 0.782, 0.0, 0.406, 0.337, 0.158, 0.0
4, [None,(1,2)], 50, 0, 0.235, 0.01, 0.01, 0.891, 0.861, 0.0, 0.235, 0.812, 0.01, 0.822, 0.0, 0.04, 0.495, 0.0, 0.01, 0.851, 0.95, 0.0
4, [None,(1,2)], 50, 1, 0.172, 0.01, 0.317, 0.446, 0.218, 0.0, 0.172, 0.228, 0.01, 0.01, 0.0, 0.446, 0.337, 0.0, 0.356, 0.01, 0.436, 0.0
4, [None,(1,2)], 50, 2, 0.322, 0.02, 0.01, 0.436, 0.02, 0.0, 0.322, 0.01, 0.01, 0.178, 0.0, 0.05, 0.119, 0.0, 0.01, 0.139, 0.069, 0.0
4, [None,(1,2)], 50, 3, 0.402, 0.01, 0.01, 0.05, 0.03, 0.0, 0.402, 0.01, 0.01, 0.01, 0.186, 0.01, 0.069, 0.186, 0.01, 0.01, 0.01, 0.0
4, [None,(1,2)], 50, 4, 0.039, 0.01, 0.02, 0.812, 0.248, 0.0, 0.039, 0.188, 0.02, 1.0, 0.0, 0.168, 0.604, 0.0, 0.01, 0.99, 0.139, 0.0
4, [None,(1,2)], 50, 5, 0.773, 0.05, 0.089, 0.238, 0.139, 0.0, 0.773, 0.139, 0.01, 0.436, 0.016, 0.307, 0.287, 0.016, 0.05, 0.446, 0.188, 0.0
4, [None,(1,2)], 50, 6, 0.264, 0.04, 0.01, 0.109, 0.079, 0.0, 0.264, 0.089, 0.04, 0.03, 0.0, 0.267, 0.931, 0.0, 0.01, 0.02, 0.228, 0.0
4, [None,(1,2)], 50, 7, 1.0, 0.01, 0.01, 0.188, 0.069, 0.0, 1.0, 0.04, 0.03, 0.01, 0.0, 0.376, 0.495, 0.0, 0.01, 0.01, 0.069, 0.0
4, [None,(1,2)], 50, 8, 0.04, 0.01, 0.366, 0.059, 0.01, 0.083, 0.04, 0.01, 0.386, 0.396, 0.0, 0.455, 0.99, 0.0, 0.376, 0.396, 0.02, 0.083
4, [None,(1,2)], 50, 9, 0.188, 0.069, 0.02, 0.158, 0.01, 0.035, 0.188, 0.01, 0.02, 0.238, 0.006, 0.01, 0.238, 0.006, 0.02, 0.267, 0.03, 0.035
4, [None,(1,2)], 50, 10, 0.509, 0.01, 0.158, 0.01, 0.03, 0.117, 0.509, 0.02, 0.01, 0.01, 0.115, 0.604, 0.109, 0.115, 0.129, 0.01, 0.04, 0.117
4, [None,(1,2)], 50, 11, 1.0, 0.01, 0.119, 0.089, 0.01, 0.023, 1.0, 0.01, 0.01, 0.01, 0.0, 0.139, 0.168, 0.0, 0.208, 0.01, 0.01, 0.023
4, [None,(1,2)], 50, 12, 0.739, 0.188, 0.01, 0.614, 0.02, 0.155, 0.739, 0.01, 0.188, 0.04, 0.168, 0.079, 0.901, 0.168, 0.01, 0.04, 0.02, 0.155
4, [None,(1,2)], 50, 13, 1.0, 0.01, 0.228, 0.238, 0.198, 0.0, 1.0, 0.238, 0.03, 0.03, 0.022, 0.564, 0.02, 0.022, 0.267, 0.02, 0.297, 0.0
4, [None,(1,2)], 50, 14, 0.171, 0.01, 0.01, 0.04, 0.02, 0.039, 0.171, 0.059, 0.059, 0.01, 0.088, 0.703, 0.119, 0.088, 0.01, 0.01, 0.535, 0.039
4, [None,(1,2)], 50, 15, 0.977, 0.01, 0.327, 0.347, 0.01, 0.114, 0.977, 0.01, 0.337, 0.218, 0.0, 0.099, 0.356, 0.0, 0.386, 0.228, 0.01, 0.114
4, [None,(1,2)], 50, 16, 0.326, 0.267, 0.01, 0.228, 0.059, 0.0, 0.326, 0.069, 0.01, 0.089, 0.055, 0.01, 0.703, 0.055, 0.01, 0.149, 0.099, 0.0
4, [None,(1,2)], 50, 17, 0.527, 0.02, 0.099, 0.634, 0.238, 0.0, 0.527, 0.178, 0.01, 0.02, 0.349, 0.059, 0.04, 0.349, 0.129, 0.01, 0.515, 0.0
4, [None,(1,2)], 50, 18, 1.0, 0.01, 0.455, 0.455, 0.059, 0.0, 1.0, 0.158, 0.01, 0.02, 0.0, 0.248, 0.703, 0.0, 0.406, 0.04, 0.416, 0.0
4, [None,(1,2)], 50, 19, 0.786, 0.01, 0.119, 0.535, 0.02, 0.0, 0.786, 0.01, 0.01, 0.812, 0.0, 0.574, 0.05, 0.0, 0.129, 0.861, 0.01, 0.0
4, [None,(1,2)], 100, 0, 0.28, 0.01, 0.515, 0.644, 0.02, 0.0, 0.28, 0.02, 0.01, 0.426, 0.0, 0.782, 0.337, 0.0, 0.485, 0.436, 0.515, 0.0
4, [None,(1,2)], 100, 1, 0.534, 0.01, 0.099, 0.257, 0.05, 0.0, 0.534, 0.02, 0.01, 0.01, 0.0, 0.634, 0.703, 0.0, 0.079, 0.01, 0.317, 0.0
4, [None,(1,2)], 100, 2, 0.295, 0.01, 0.287, 0.307, 0.01, 0.0, 0.295, 0.01, 0.01, 0.881, 0.002, 0.802, 0.733, 0.002, 0.297, 0.822, 0.069, 0.0
4, [None,(1,2)], 100, 3, 0.158, 0.01, 0.01, 0.01, 0.01, 0.003, 0.158, 0.01, 0.01, 0.01, 0.001, 0.01, 0.04, 0.001, 0.01, 0.01, 0.01, 0.003
4, [None,(1,2)], 100, 4, 0.356, 0.01, 0.238, 0.366, 0.01, 0.0, 0.356, 0.01, 0.01, 0.733, 0.0, 0.772, 0.921, 0.0, 0.248, 0.752, 0.119, 0.0
4, [None,(1,2)], 100, 5, 0.518, 0.079, 0.01, 0.376, 0.01, 0.0, 0.518, 0.01, 0.01, 0.01, 0.248, 0.01, 0.723, 0.248, 0.01, 0.01, 0.01, 0.0
4, [None,(1,2)], 100, 6, 0.208, 0.02, 0.01, 0.347, 0.01, 0.0, 0.208, 0.01, 0.01, 0.01, 0.339, 0.01, 0.02, 0.339, 0.01, 0.01, 0.703, 0.0
4, [None,(1,2)], 100, 7, 0.411, 0.02, 0.347, 0.01, 0.01, 0.0, 0.411, 0.01, 0.02, 0.01, 0.0, 0.931, 0.356, 0.0, 0.416, 0.01, 0.03, 0.0
4, [None,(1,2)], 100, 8, 0.246, 0.01, 0.05, 0.584, 0.188, 0.0, 0.246, 0.228, 0.01, 0.564, 0.0, 0.297, 0.693, 0.0, 0.059, 0.634, 0.802, 0.0
4, [None,(1,2)], 100, 9, 1.0, 0.653, 0.01, 0.069, 0.02, 0.022, 1.0, 0.02, 0.158, 0.099, 0.459, 0.079, 0.396, 0.459, 0.01, 0.079, 0.307, 0.022
4, [None,(1,2)], 100, 10, 0.544, 0.772, 0.01, 0.01, 0.01, 0.0, 0.544, 0.01, 0.01, 0.01, 0.463, 0.03, 0.406, 0.463, 0.01, 0.02, 0.01, 0.0
4, [None,(1,2)], 100, 11, 1.0, 0.01, 0.01, 0.119, 0.01, 0.059, 1.0, 0.01, 0.01, 0.01, 0.0, 0.059, 0.287, 0.0, 0.02, 0.01, 0.079, 0.059
4, [None,(1,2)], 100, 12, 0.875, 0.149, 0.01, 0.594, 0.01, 0.0, 0.875, 0.01, 0.01, 0.04, 0.131, 0.01, 0.663, 0.131, 0.01, 0.04, 0.02, 0.0
4, [None,(1,2)], 100, 13, 1.0, 0.01, 0.01, 0.218, 0.01, 0.04, 1.0, 0.01, 0.386, 0.04, 0.016, 0.158, 0.069, 0.016, 0.01, 0.03, 0.01, 0.04
4, [None,(1,2)], 100, 14, 0.278, 0.01, 0.02, 0.059, 0.01, 0.0, 0.278, 0.01, 0.03, 0.02, 0.0, 0.01, 0.01, 0.0, 0.02, 0.01, 0.01, 0.0
4, [None,(1,2)], 100, 15, 0.507, 0.01, 0.287, 0.723, 0.01, 0.001, 0.507, 0.01, 0.03, 0.535, 0.0, 0.099, 0.089, 0.0, 0.327, 0.574, 0.208, 0.001
4, [None,(1,2)], 100, 16, 0.297, 0.01, 0.069, 0.752, 0.01, 0.0, 0.297, 0.02, 0.01, 0.535, 0.0, 0.267, 0.762, 0.0, 0.059, 0.475, 0.05, 0.0
4, [None,(1,2)], 100, 17, 0.185, 0.01, 0.238, 0.446, 0.168, 0.0, 0.185, 0.168, 0.01, 0.01, 0.0, 0.317, 0.743, 0.0, 0.287, 0.01, 0.257, 0.0
4, [None,(1,2)], 100, 18, 0.495, 0.01, 0.05, 0.663, 0.01, 0.0, 0.495, 0.05, 0.01, 0.01, 0.001, 0.02, 0.01, 0.001, 0.02, 0.01, 0.366, 0.0
4, [None,(1,2)], 100, 19, 0.292, 0.01, 0.347, 0.802, 0.356, 0.0, 0.292, 0.366, 0.01, 0.426, 0.0, 0.485, 0.861, 0.0, 0.366, 0.455, 0.218, 0.0
4, [None,(1,2)], 200, 0, 0.392, 0.01, 0.02, 0.129, 0.901, 0.0, 0.392, 0.822, 0.01, 0.158, 0.0, 0.465, 0.822, 0.0, 0.01, 0.218, 0.079, 0.0
4, [None,(1,2)], 200, 1, 0.173, 0.01, 0.178, 0.446, 0.178, 0.0, 0.173, 0.129, 0.01, 0.327, 0.0, 0.446, 0.426, 0.0, 0.05, 0.366, 0.792, 0.0
4, [None,(1,2)], 200, 2, 0.368, 0.01, 0.04, 0.663, 0.01, 0.126, 0.368, 0.01, 0.713, 0.01, 0.0, 0.059, 0.703, 0.0, 0.079, 0.01, 0.01, 0.126
4, [None,(1,2)], 200, 3, 1.0, 0.03, 0.02, 0.079, 0.119, 0.01, 1.0, 0.188, 0.01, 0.01, 0.0, 0.257, 0.267, 0.0, 0.01, 0.01, 0.03, 0.01
4, [None,(1,2)], 200, 4, 0.175, 0.01, 0.03, 0.238, 0.01, 0.0, 0.175, 0.01, 0.01, 0.149, 0.0, 0.208, 0.584, 0.0, 0.01, 0.188, 0.02, 0.0
4, [None,(1,2)], 200, 5, 1.0, 0.01, 0.069, 0.436, 0.95, 0.0, 1.0, 0.941, 0.01, 0.782, 0.0, 0.149, 0.069, 0.0, 0.079, 0.762, 0.188, 0.0
4, [None,(1,2)], 200, 6, 0.221, 0.01, 0.01, 0.01, 0.01, 0.001, 0.221, 0.01, 0.03, 0.01, 0.001, 0.178, 0.198, 0.001, 0.01, 0.01, 0.02, 0.001
4, [None,(1,2)], 200, 7, 0.221, 0.01, 0.02, 0.03, 0.01, 0.068, 0.221, 0.01, 0.01, 0.01, 0.0, 0.129, 0.089, 0.0, 0.01, 0.01, 0.01, 0.068
4, [None,(1,2)], 200, 8, 1.0, 0.01, 0.01, 0.03, 0.059, 0.0, 1.0, 0.03, 0.01, 0.02, 0.0, 0.495, 0.931, 0.0, 0.01, 0.01, 0.03, 0.0
4, [None,(1,2)], 200, 9, 0.65, 0.01, 0.03, 0.149, 0.01, 0.0, 0.65, 0.01, 0.03, 0.03, 0.0, 0.673, 0.604, 0.0, 0.059, 0.01, 0.01, 0.0
4, [None,(1,2)], 200, 10, 0.794, 0.297, 0.129, 0.02, 0.109, 0.486, 0.794, 0.04, 0.574, 0.01, 0.013, 0.683, 0.01, 0.013, 0.099, 0.01, 0.139, 0.486
4, [None,(1,2)], 200, 11, 0.391, 0.01, 0.554, 0.01, 0.01, 0.003, 0.391, 0.01, 0.149, 0.01, 0.0, 0.059, 0.158, 0.0, 0.574, 0.01, 0.03, 0.003
4, [None,(1,2)], 200, 12, 0.564, 0.01, 0.663, 0.139, 0.01, 0.0, 0.564, 0.01, 0.01, 0.01, 0.0, 0.703, 0.089, 0.0, 0.693, 0.01, 0.01, 0.0
4, [None,(1,2)], 200, 13, 1.0, 0.01, 0.01, 0.02, 0.03, 0.0, 1.0, 0.01, 0.01, 0.02, 1.0, 0.01, 0.01, 1.0, 0.01, 0.01, 0.149, 0.0
4, [None,(1,2)], 200, 14, 0.181, 0.01, 0.337, 0.01, 0.129, 0.0, 0.181, 0.158, 0.01, 0.396, 0.0, 0.515, 0.881, 0.0, 0.267, 0.485, 0.01, 0.0
4, [None,(1,2)], 200, 15, 0.054, 0.01, 0.059, 0.842, 0.01, 0.0, 0.054, 0.01, 0.01, 0.139, 0.0, 0.733, 0.832, 0.0, 0.099, 0.178, 0.089, 0.0
4, [None,(1,2)], 200, 16, 1.0, 0.01, 0.099, 0.257, 0.04, 0.0, 1.0, 0.03, 0.01, 0.228, 0.0, 0.416, 0.604, 0.0, 0.089, 0.178, 0.01, 0.0
4, [None,(1,2)], 200, 17, 0.234, 0.01, 0.01, 0.584, 0.01, 0.002, 0.234, 0.01, 0.03, 0.594, 0.0, 0.01, 0.257, 0.0, 0.01, 0.554, 0.01, 0.002
4, [None,(1,2)], 200, 18, 0.154, 0.01, 0.02, 0.218, 0.01, 0.0, 0.154, 0.01, 0.01, 0.01, 0.193, 0.01, 0.01, 0.193, 0.01, 0.01, 0.218, 0.0
4, [None,(1,2)], 200, 19, 1.0, 0.01, 0.228, 0.901, 0.069, 0.0, 1.0, 0.059, 0.01, 0.238, 0.0, 0.99, 0.307, 0.0, 0.248, 0.366, 0.129, 0.0
5, [None,(0,2)], 50, 0, 0.0, 0.178, 0.03, 0.109, 0.01, 0.0, 0.0, 0.01, 0.663, 0.04, 0.0, 0.02, 0.812, 0.0, 0.01, 0.03, 0.01, 0.0
5, [None,(0,2)], 50, 1, 0.001, 0.455, 0.01, 0.069, 0.03, 0.0, 0.001, 0.059, 0.129, 0.02, 0.01, 0.04, 0.218, 0.01, 0.01, 0.02, 0.01, 0.0
5, [None,(0,2)], 50, 2, 0.0, 0.792, 0.01, 0.02, 0.01, 0.113, 0.0, 0.01, 0.307, 0.02, 0.125, 0.03, 0.208, 0.125, 0.01, 0.04, 0.129, 0.113
5, [None,(0,2)], 50, 3, 0.012, 0.089, 0.01, 0.01, 0.01, 0.017, 0.012, 0.01, 0.01, 0.01, 0.003, 0.01, 0.109, 0.003, 0.01, 0.01, 0.01, 0.017
5, [None,(0,2)], 50, 4, 0.421, 0.564, 0.01, 0.149, 0.069, 0.0, 0.421, 0.099, 0.02, 0.752, 0.35, 0.04, 0.663, 0.35, 0.01, 0.762, 0.059, 0.0
5, [None,(0,2)], 50, 5, 0.0, 0.733, 0.743, 0.257, 0.525, 0.0, 0.0, 0.574, 0.822, 0.02, 0.004, 0.594, 0.228, 0.004, 0.752, 0.03, 0.366, 0.0
5, [None,(0,2)], 50, 6, 0.902, 0.495, 0.485, 0.04, 0.089, 0.546, 0.902, 0.178, 0.208, 0.069, 1.0, 0.406, 0.356, 1.0, 0.475, 0.059, 0.386, 0.546
5, [None,(0,2)], 50, 7, 0.027, 0.119, 0.02, 0.01, 0.01, 0.313, 0.027, 0.01, 0.01, 0.01, 0.102, 0.287, 0.079, 0.102, 0.03, 0.01, 0.188, 0.313
5, [None,(0,2)], 50, 8, 0.666, 0.089, 0.01, 0.693, 0.168, 0.0, 0.666, 0.149, 0.03, 0.535, 0.175, 0.079, 0.96, 0.175, 0.01, 0.574, 0.782, 0.0
5, [None,(0,2)], 50, 9, 0.0, 0.673, 0.04, 0.198, 0.02, 0.001, 0.0, 0.02, 0.98, 0.129, 0.227, 0.089, 0.119, 0.227, 0.059, 0.109, 0.574, 0.001
5, [None,(0,2)], 50, 10, 0.007, 0.911, 0.564, 0.376, 0.624, 0.0, 0.007, 0.634, 0.861, 0.455, 0.0, 0.624, 0.812, 0.0, 0.564, 0.485, 0.634, 0.0
5, [None,(0,2)], 50, 11, 0.0, 0.485, 0.109, 0.861, 0.218, 0.0, 0.0, 0.119, 0.851, 0.198, 0.187, 0.04, 0.069, 0.187, 0.079, 0.297, 0.238, 0.0
5, [None,(0,2)], 50, 12, 1.0, 0.762, 0.01, 0.842, 0.01, 0.011, 1.0, 0.02, 0.119, 0.04, 0.372, 0.02, 0.515, 0.372, 0.02, 0.069, 0.079, 0.011
5, [None,(0,2)], 50, 13, 0.54, 0.198, 0.01, 0.168, 0.01, 0.028, 0.54, 0.01, 0.079, 0.01, 1.0, 0.059, 0.871, 1.0, 0.01, 0.02, 0.01, 0.028
5, [None,(0,2)], 50, 14, 0.334, 0.693, 0.01, 0.059, 0.02, 0.071, 0.334, 0.04, 0.139, 0.525, 0.629, 0.01, 0.119, 0.629, 0.01, 0.535, 0.01, 0.071
5, [None,(0,2)], 50, 15, 0.0, 0.604, 0.01, 0.01, 0.158, 0.011, 0.0, 0.178, 0.208, 0.248, 0.0, 0.01, 0.97, 0.0, 0.01, 0.297, 0.01, 0.011
5, [None,(0,2)], 50, 16, 0.003, 0.96, 0.01, 0.941, 0.545, 0.0, 0.003, 0.574, 0.02, 0.455, 0.003, 0.01, 0.733, 0.003, 0.01, 0.564, 0.911, 0.0
5, [None,(0,2)], 50, 17, 0.0, 0.564, 0.673, 0.04, 0.01, 0.0, 0.0, 0.02, 0.574, 0.01, 0.035, 0.188, 0.069, 0.035, 0.574, 0.01, 0.02, 0.0
5, [None,(0,2)], 50, 18, 0.0, 0.218, 0.01, 0.119, 0.01, 0.0, 0.0, 0.01, 0.089, 0.02, 0.0, 0.04, 0.099, 0.0, 0.03, 0.02, 0.05, 0.0
5, [None,(0,2)], 50, 19, 0.0, 0.356, 0.01, 0.228, 0.545, 0.0, 0.0, 0.515, 0.089, 0.059, 0.392, 0.01, 0.267, 0.392, 0.01, 0.099, 0.594, 0.0
5, [None,(0,2)], 100, 0, 0.0, 0.149, 0.406, 0.168, 0.04, 0.0, 0.0, 0.03, 0.762, 0.188, 0.0, 0.277, 0.535, 0.0, 0.515, 0.109, 0.01, 0.0
5, [None,(0,2)], 100, 1, 0.0, 0.525, 0.762, 0.881, 0.069, 0.0, 0.0, 0.05, 0.604, 0.109, 0.0, 0.129, 0.178, 0.0, 0.723, 0.099, 0.238, 0.0
5, [None,(0,2)], 100, 2, 0.0, 0.149, 0.01, 0.01, 0.01, 0.299, 0.0, 0.01, 0.317, 0.01, 0.004, 0.099, 0.188, 0.004, 0.01, 0.01, 0.01, 0.299
5, [None,(0,2)], 100, 3, 0.0, 0.584, 0.139, 0.01, 0.871, 0.003, 0.0, 0.911, 0.149, 0.614, 0.0, 0.356, 0.881, 0.0, 0.188, 0.683, 0.02, 0.003
5, [None,(0,2)], 100, 4, 0.0, 0.178, 0.01, 0.584, 0.97, 0.0, 0.0, 0.98, 0.594, 0.257, 0.001, 0.158, 0.079, 0.001, 0.01, 0.218, 0.703, 0.0
5, [None,(0,2)], 100, 5, 0.0, 0.297, 0.822, 0.663, 0.594, 0.0, 0.0, 0.634, 0.97, 0.485, 0.0, 0.317, 0.069, 0.0, 0.733, 0.426, 0.307, 0.0
5, [None,(0,2)], 100, 6, 0.03, 0.01, 0.01, 0.03, 0.01, 0.0, 0.03, 0.01, 0.109, 0.01, 0.437, 0.02, 0.257, 0.437, 0.01, 0.01, 0.178, 0.0
5, [None,(0,2)], 100, 7, 0.002, 0.079, 0.01, 0.198, 0.01, 0.0, 0.002, 0.01, 0.792, 0.02, 0.731, 0.01, 0.119, 0.731, 0.01, 0.01, 0.485, 0.0
5, [None,(0,2)], 100, 8, 0.045, 0.842, 0.01, 0.851, 0.891, 0.0, 0.045, 0.881, 0.059, 0.525, 0.134, 0.01, 0.238, 0.134, 0.01, 0.594, 0.743, 0.0
5, [None,(0,2)], 100, 9, 0.0, 0.752, 0.03, 0.01, 0.059, 0.806, 0.0, 0.05, 0.396, 0.01, 0.286, 0.277, 0.317, 0.286, 0.02, 0.01, 0.01, 0.806
5, [None,(0,2)], 100, 10, 0.0, 0.762, 0.297, 0.149, 0.01, 0.0, 0.0, 0.01, 0.98, 0.099, 0.0, 0.149, 0.812, 0.0, 0.317, 0.158, 0.04, 0.0
5, [None,(0,2)], 100, 11, 0.005, 0.772, 0.01, 0.089, 0.03, 0.0, 0.005, 0.05, 0.04, 0.059, 0.111, 0.01, 0.05, 0.111, 0.01, 0.01, 0.079, 0.0
5, [None,(0,2)], 100, 12, 0.0, 0.089, 0.01, 0.01, 0.05, 0.0, 0.0, 0.04, 0.198, 0.079, 0.0, 0.01, 0.248, 0.0, 0.02, 0.079, 0.01, 0.0
5, [None,(0,2)], 100, 13, 0.0, 0.257, 0.01, 0.386, 0.04, 0.0, 0.0, 0.01, 0.614, 0.465, 0.02, 0.356, 0.614, 0.02, 0.02, 0.475, 0.168, 0.0
5, [None,(0,2)], 100, 14, 1.0, 0.842, 0.01, 0.198, 0.05, 0.001, 1.0, 0.05, 0.01, 0.02, 1.0, 0.01, 0.069, 1.0, 0.01, 0.01, 0.158, 0.001
5, [None,(0,2)], 100, 15, 0.0, 0.089, 0.168, 0.139, 0.04, 0.0, 0.0, 0.03, 0.277, 0.139, 0.0, 0.406, 0.327, 0.0, 0.218, 0.257, 0.129, 0.0
5, [None,(0,2)], 100, 16, 0.0, 0.96, 0.01, 0.931, 0.426, 0.0, 0.0, 0.535, 0.99, 0.594, 0.0, 0.03, 0.525, 0.0, 0.01, 0.634, 0.931, 0.0
5, [None,(0,2)], 100, 17, 0.0, 0.396, 0.604, 0.05, 0.198, 0.0, 0.0, 0.168, 0.069, 0.01, 0.001, 0.099, 0.02, 0.001, 0.653, 0.02, 0.307, 0.0
5, [None,(0,2)], 100, 18, 0.0, 0.416, 0.139, 0.822, 0.01, 0.0, 0.0, 0.03, 0.307, 0.465, 0.0, 0.495, 0.05, 0.0, 0.059, 0.495, 0.802, 0.0
5, [None,(0,2)], 100, 19, 0.0, 0.634, 0.01, 0.129, 0.129, 0.0, 0.0, 0.158, 0.624, 0.01, 0.001, 0.079, 0.02, 0.001, 0.01, 0.01, 0.267, 0.0
5, [None,(0,2)], 200, 0, 0.0, 0.743, 0.198, 0.356, 0.03, 0.0, 0.0, 0.05, 0.792, 0.545, 0.0, 0.871, 0.703, 0.0, 0.228, 0.594, 0.634, 0.0
5, [None,(0,2)], 200, 1, 0.0, 0.772, 0.842, 0.614, 0.139, 0.0, 0.0, 0.119, 0.98, 0.545, 0.0, 0.04, 0.02, 0.0, 0.842, 0.554, 0.594, 0.0
5, [None,(0,2)], 200, 2, 0.0, 0.03, 0.02, 0.05, 0.01, 0.0, 0.0, 0.01, 0.119, 0.109, 0.0, 0.525, 0.416, 0.0, 0.059, 0.099, 0.05, 0.0
5, [None,(0,2)], 200, 3, 0.147, 0.515, 0.02, 0.653, 0.208, 0.0, 0.147, 0.178, 0.01, 0.01, 0.03, 0.04, 0.97, 0.03, 0.01, 0.02, 0.584, 0.0
5, [None,(0,2)], 200, 4, 0.0, 0.812, 0.01, 0.416, 0.673, 0.0, 0.0, 0.683, 0.98, 0.376, 0.0, 0.02, 0.257, 0.0, 0.01, 0.396, 0.03, 0.0
5, [None,(0,2)], 200, 5, 0.0, 0.931, 0.01, 0.634, 0.743, 0.0, 0.0, 0.802, 1.0, 0.01, 0.0, 0.01, 0.01, 0.0, 0.01, 0.02, 0.901, 0.0
5, [None,(0,2)], 200, 6, 0.458, 0.515, 0.01, 0.01, 0.01, 0.003, 0.458, 0.01, 0.01, 0.01, 0.173, 0.03, 0.762, 0.173, 0.01, 0.01, 0.02, 0.003
5, [None,(0,2)], 200, 7, 0.021, 0.802, 0.01, 0.089, 0.01, 0.0, 0.021, 0.01, 0.01, 0.01, 0.914, 0.01, 0.079, 0.914, 0.01, 0.01, 0.079, 0.0
5, [None,(0,2)], 200, 8, 0.0, 0.446, 0.386, 0.01, 0.218, 0.05, 0.0, 0.129, 0.614, 0.03, 0.004, 0.01, 0.01, 0.004, 0.327, 0.02, 0.01, 0.05
5, [None,(0,2)], 200, 9, 0.022, 0.337, 0.01, 0.653, 0.01, 0.009, 0.022, 0.02, 0.04, 0.01, 0.139, 0.01, 0.099, 0.139, 0.01, 0.01, 0.366, 0.009
5, [None,(0,2)], 200, 10, 0.0, 0.762, 0.574, 0.921, 0.762, 0.0, 0.0, 0.842, 0.683, 0.921, 0.0, 0.683, 0.911, 0.0, 0.485, 0.891, 0.921, 0.0
5, [None,(0,2)], 200, 11, 0.0, 0.079, 0.337, 0.02, 0.01, 0.001, 0.0, 0.01, 0.04, 0.01, 0.0, 0.218, 0.168, 0.0, 0.248, 0.01, 0.01, 0.001
5, [None,(0,2)], 200, 12, 0.0, 0.198, 0.01, 0.04, 0.01, 0.0, 0.0, 0.01, 0.277, 0.01, 0.0, 0.059, 0.01, 0.0, 0.01, 0.01, 0.01, 0.0
5, [None,(0,2)], 200, 13, 0.0, 0.851, 0.01, 0.376, 0.02, 0.0, 0.0, 0.01, 0.693, 0.307, 0.008, 0.05, 0.119, 0.008, 0.01, 0.248, 0.05, 0.0
5, [None,(0,2)], 200, 14, 0.0, 0.347, 0.01, 0.01, 0.05, 0.0, 0.0, 0.01, 0.03, 0.02, 0.0, 0.01, 0.01, 0.0, 0.01, 0.01, 0.01, 0.0
5, [None,(0,2)], 200, 15, 0.343, 0.624, 0.01, 0.97, 0.129, 0.0, 0.343, 0.149, 0.01, 0.802, 0.589, 0.01, 0.257, 0.589, 0.01, 0.842, 0.228, 0.0
5, [None,(0,2)], 200, 16, 0.0, 0.376, 0.01, 0.881, 0.248, 0.0, 0.0, 0.267, 0.772, 0.069, 0.0, 0.01, 0.089, 0.0, 0.01, 0.05, 0.178, 0.0
5, [None,(0,2)], 200, 17, 0.0, 0.851, 0.01, 0.455, 0.01, 0.0, 0.0, 0.01, 0.752, 0.01, 1.0, 0.01, 0.01, 1.0, 0.01, 0.01, 0.099, 0.0
5, [None,(0,2)], 200, 18, 0.0, 0.297, 0.535, 0.842, 0.752, 0.0, 0.0, 0.644, 0.733, 0.545, 0.0, 0.396, 0.01, 0.0, 0.495, 0.594, 0.871, 0.0
5, [None,(0,2)], 200, 19, 0.0, 0.356, 0.01, 0.05, 0.069, 0.0, 0.0, 0.059, 0.01, 0.198, 0.021, 0.01, 0.089, 0.021, 0.01, 0.139, 0.079, 0.0
